year,Per_capita
2016,37974.83379352675
2017,38803.29886874952
2018,39631.763943972066
2019,40460.22901919484
2020,41288.69409441762
2021,42117.15916964039
2022,42945.624244862935
